{
    "id": "gmax15plus_dual_extruder_1",
    "version": 2,
    "name": "Right Extruder",
    "inherits": "fdmextruder",
    "metadata": {
        "machine": "gmax15plus_dual",
        "position": "1"
    },

    "overrides": {
        "extruder_nr": {
            "default_value": 1,
            "maximum_value": "1"
        },
        "machine_nozzle_offset_x": { "default_value": 0.0 },
        "machine_nozzle_offset_y": { "default_value": 0.0 },
		"machine_nozzle_size": { "default_value": 0.5 },
		
		"machine_extruder_start_pos_abs": { "default_value": true },
        "machine_extruder_start_pos_x": { "value": 40 },
        "machine_extruder_start_pos_y": { "value": 210 },
        "machine_extruder_end_pos_abs": { "default_value": true },
        "machine_extruder_end_pos_x": { "value": 40 },
        "machine_extruder_end_pos_y": { "value": 210 }

    }
}


