{
    "id": "hBp_extruder_right",
    "version": 2,
    "name": "Extruder 2",
    "inherits": "fdmextruder",
    "metadata": {
        "machine": "helloBEEprusa",
        "position": "1"
    },

    "overrides": {
        "extruder_nr": {
            "default_value": 1,
            "maximum_value": "1"
        },
        "machine_nozzle_offset_x": { "default_value": 0 },
        "machine_nozzle_offset_y": { "default_value": 0 },

        
        "extruder_prime_pos_x": { "default_value": 185 },
        "extruder_prime_pos_y": { "default_value": 0 },
        "extruder_prime_pos_z": { "default_value": 2 }
    }
}
