{
    "name" : "BeforeDawn",
    "index" : 1400,
    "show-in-gui" : true,

    "colors" : {
        "background" :         "#333333",
        "opencsg-face-front" : "#cccccc",
        "opencsg-face-back" :  "#5563dd",
        "cgal-face-front" :    "#cccccc",
        "cgal-face-back" :     "#5563dd",
        "cgal-face-2d" :       "#00bf99",
        "cgal-edge-front" :    "#ff0000",
        "cgal-edge-back" :     "#ff0000",
        "cgal-edge-2d" :       "#ff0000",
        "crosshair" :          "#f0f0f0"
    }
}
