{
    "name" : "Metallic",
    "index" : 1100,
    "show-in-gui" : true,

    "colors" : {
        "background" :         "#aaaaff",
        "opencsg-face-front" : "#ddddff",
        "opencsg-face-back" :  "#dd22dd",
        "cgal-face-front" :    "#ddddff",
        "cgal-face-back" :     "#dd22dd",
        "cgal-face-2d" :       "#00bf99",
        "cgal-edge-front" :    "#ff0000",
        "cgal-edge-back" :     "#ff0000",
        "cgal-edge-2d" :       "#ff0000",
        "crosshair" :          "#800000"
    }
}
