{
    "name" : "Sunset",
    "index" : 1200,
    "show-in-gui" : true,

    "colors" : {
        "background" :         "#aa4444",
        "opencsg-face-front" : "#ffaaaa",
        "opencsg-face-back" :  "#882233",
        "cgal-face-front" :    "#ffaaaa",
        "cgal-face-back" :     "#882233",
        "cgal-face-2d" :       "#00bf99",
        "cgal-edge-front" :    "#ff0000",
        "cgal-edge-back" :     "#ff0000",
        "cgal-edge-2d" :       "#ff0000",
        "crosshair" :          "#800000"
    }
}
