{
    "id": "Dagoma_neva",
    "name": "Dagoma NEVA",
    "version": 2,
    "inherits": "fdmprinter",
    "metadata": {
        "visible": true,
        "author": "Dagoma",
        "manufacturer": "Dagoma",
        "file_formats": "text/x-gcode",
        "platform": "neva.stl",
        "platform_offset": [ 0, 0, 0]
    },
    "overrides": {
        "machine_width": {
            "default_value": 195.55
        },
        "machine_height": {
            "default_value": 205
        },
        "machine_depth": {
            "default_value": 195.55
        },
        "machine_center_is_zero": {
            "default_value": true
        },
        "machine_nozzle_size": {
            "default_value": 0.4
        },
        "machine_head_with_fans_polygon": {
            "default_value": [
                [17, 40],
                [17, -70],
                [-17, -70],
                [17, 40]
            ]
        },
        "gantry_height": {
          "default_value": 0
        },
        "machine_shape": {
            "default_value": "elliptic"
        },
        "machine_gcode_flavor": {
            "default_value": "RepRap (RepRap)"
        },
        "machine_start_gcode": {
            "default_value": ";Gcode by Cura\nG90\nG28\nM109 S100\nG29\nM104 S{material_print_temperature_layer_0}\nG0 X0 Y-85\nG0 Z0.26\nM109 S{material_print_temperature_layer_0}\nM82\nG92 E0\nG1 F200 E6\nG92 E0\nG1 F200 E-3.5\nG0 Z0.15\nG0 X10\nG0 Z3\nG1 F6000\n"
        },
        "machine_end_gcode": {
            "default_value": "\nM104 S0\nM106 S255\nM140 S0\nG91\nG1 E-1 F300\nG1 Z+3 E-2 F9000\nG90\nG28\n"
        },
        "material_diameter": {
            "default_value": 1.75
        },
        "speed_print": {
            "default_value": 40
        },
        "speed_travel": {
            "default_value": 120
        },
        "retraction_amount": {
            "default_value": 3.8
        },
        "retraction_speed": {
            "default_value": 60
        }
    }
}
