{
    "version": 2,
    "name": "makeR Prusa Tairona i3",
    "inherits": "fdmprinter",
    "metadata": {
        "visible": true,
        "author": "makeR",
        "manufacturer": "makeR",
        "file_formats": "text/x-gcode",
        "icon": "icon_ultimaker2",
        "platform": "makeR_prusa_tairona_i3_platform.stl",
        "platform_offset": [-2, 0, 0]
    },

    "overrides": {
        "machine_name": { "default_value": "makeR Prusa Tairona I3" },
        "machine_heated_bed": {
            "default_value": true
        },
        "machine_width": {
            "default_value": 200
        },
        "machine_height": {
            "default_value": 200
        },
        "machine_depth": {
            "default_value": 200
        },
        "machine_center_is_zero": {
            "default_value": false
        },
        "machine_nozzle_size": {
            "default_value": 0.4
        },
        "material_diameter": {
            "default_value": 1.75
        },
        "machine_head_polygon": {
            "default_value": [
                [-75, -18],
                [-75, 35],
                [18, 35],
                [18, -18]
            ]
        },
        "gantry_height": {
            "default_value": 55
        },
        "machine_gcode_flavor": {
            "default_value": "RepRap (Marlin/Sprinter)"
        },
        "machine_start_gcode": {
            "default_value": "G1 Z15;\nG28;Home\nG29;Auto Level\nG1 Z5 F5000;Move the platform down 15mm"
        },
        "machine_end_gcode": {
            "default_value": "M104 S0;Turn off temperature\nG28 X0; Home X\nM84; Disable Motors"
        }
    }
}