{
    "version": 2,
    "name": "Ultimaker 2 Extended",
    "inherits": "ultimaker2",
    "metadata": {
        "author": "Ultimaker",
        "manufacturer": "Ultimaker B.V.",
        "quality_definition": "ultimaker2",
        "weight": 3,
        "file_formats": "text/x-gcode",
        "icon": "icon_ultimaker2.png",
        "platform": "ultimaker2_platform.obj",
        "platform_texture": "Ultimaker2Extendedbackplate.png"
    },

    "overrides": {
        "machine_name": { "default_value": "Ultimaker 2 Extended" },
        "machine_height": {
            "default_value": 305
        }
    }
}
